price,sqft,bedrooms,bathrooms,location,year_built,condition
656641.0,2285.0,3,2.0,Downtown,1986,Good
490632.0,1924.0,3,2.0,Urban,1980,Good
571781.0,2149.0,3,2.0,Downtown,1984,Good
374006.0,1691.0,2,1.5,Suburb,1961,Fair
367370.0,1661.0,2,1.5,Suburb,1964,Fair
304184.0,1711.0,2,1.5,Rural,1963,Fair
530749.0,2074.0,3,2.0,Urban,1985,Good
471720.0,1996.0,3,2.0,Urban,1982,Good
1361450.0,3517.0,4,4.0,Waterfront,2014,Excellent
311984.0,1581.0,2,1.5,Rural,1974,Fair
569757.0,2118.0,3,2.0,Downtown,1984,Good
325627.0,1645.0,2,1.5,Rural,1962,Fair
797307.0,2533.0,3,2.5,Downtown,1997,Excellent
552987.0,2120.0,3,2.5,Urban,1996,Good
270213.0,1496.0,2,1.0,Rural,1951,Fair
745102.0,2646.0,3,2.5,Downtown,1998,Excellent
1317939.0,3329.0,4,4.0,Waterfront,2016,Excellent
516561.0,2107.0,3,2.5,Urban,1992,Good
367454.0,1558.0,2,1.5,Suburb,1963,Fair
318027.0,1672.0,2,1.5,Rural,1964,Fair
427632.0,1889.0,3,2.0,Suburb,1974,Good
270279.0,1400.0,2,1.0,Rural,1951,Poor
522892.0,2098.0,3,2.0,Downtown,1980,Good
1233314.0,3070.0,4,3.5,Waterfront,2013,Excellent
904255.0,2907.0,4,3.0,Mountain,2012,Excellent
623191.0,2186.0,3,2.0,Downtown,1984,Good
507932.0,2014.0,3,2.5,Urban,1990,Good
547511.0,2064.0,3,2.0,Urban,1991,Good
493455.0,1998.0,3,2.0,Urban,1981,Good
634235.0,2183.0,3,2.0,Downtown,1985,Good
588752.0,2167.0,3,2.0,Downtown,1987,Good
712562.0,2590.0,3,2.5,Downtown,1996,Excellent
548716.0,2154.0,3,2.0,Downtown,1988,Good
327092.0,1677.0,2,1.5,Suburb,1967,Fair
498993.0,1953.0,3,2.0,Urban,1980,Good
1391957.0,3518.0,4,4.0,Waterfront,2015,Excellent
326523.0,1720.0,2,1.5,Rural,1974,Fair
350934.0,1559.0,2,1.5,Suburb,1967,Fair
937280.0,2984.0,3,2.5,Downtown,2003,Excellent
361908.0,1566.0,2,1.5,Suburb,1962,Fair
305490.0,1740.0,2,1.5,Rural,1961,Fair
1523070.0,3650.0,5,4.0,Waterfront,2016,Excellent
251984.0,1381.0,2,1.0,Rural,1950,Poor
1120176.0,2983.0,4,3.0,Waterfront,2005,Excellent
528020.0,2073.0,3,2.5,Urban,1991,Good
1164479.0,3058.0,4,3.5,Waterfront,2004,Excellent
1773015.0,4007.0,5,4.5,Waterfront,2011,Excellent
304657.0,1640.0,2,1.5,Rural,1961,Fair
701630.0,2484.0,3,2.5,Downtown,1998,Excellent
1198859.0,3260.0,4,3.5,Waterfront,2004,Excellent
500956.0,2046.0,3,2.5,Urban,1991,Good
370088.0,1707.0,2,2.0,Suburb,1965,Fair
1090282.0,3149.0,4,3.5,Waterfront,2004,Excellent
249625.0,1435.0,2,1.0,Rural,1953,Fair
726788.0,2710.0,3,2.5,Downtown,1997,Excellent
530335.0,1914.0,3,2.0,Urban,1981,Good
293786.0,1457.0,2,1.0,Rural,1950,Poor
361331.0,1602.0,2,1.5,Suburb,1961,Fair
442808.0,1724.0,2,2.0,Suburb,1970,Good
509741.0,2084.0,3,2.0,Urban,1990,Good
1110130.0,3129.0,4,3.0,Waterfront,2005,Excellent
778355.0,2520.0,3,2.5,Downtown,2000,Excellent
405708.0,1676.0,2,1.5,Suburb,1961,Good
1549079.0,3413.0,5,4.0,Waterfront,2019,Excellent
1117152.0,3128.0,4,3.0,Waterfront,2006,Excellent
1618518.0,3597.0,5,4.0,Waterfront,2019,Excellent
361661.0,1692.0,2,1.5,Rural,1967,Fair
250775.0,1345.0,2,1.0,Rural,1950,Poor
1152530.0,3163.0,4,3.5,Waterfront,2005,Excellent
1050988.0,3010.0,4,3.0,Waterfront,2001,Good
1126145.0,2901.0,4,3.0,Waterfront,2001,Good
589528.0,2241.0,3,2.0,Downtown,1988,Good
1169286.0,2995.0,4,3.5,Waterfront,2004,Excellent
245335.0,1416.0,2,1.0,Rural,1948,Poor
516101.0,1939.0,3,2.0,Urban,1978,Good
578595.0,2177.0,3,2.0,Downtown,1985,Good
260610.0,1459.0,2,1.0,Rural,1952,Poor
625473.0,2149.0,3,2.0,Downtown,1987,Good
493435.0,2170.0,3,2.0,Urban,1988,Good
539036.0,1979.0,3,2.0,Urban,1992,Good
592757.0,2273.0,3,2.0,Downtown,1983,Good
280696.0,1711.0,2,1.5,Rural,1962,Fair
1262113.0,3430.0,4,4.0,Waterfront,2017,Excellent
462228.0,1867.0,3,2.0,Suburb,1977,Good
554466.0,2080.0,3,2.5,Urban,1992,Good
360080.0,1548.0,2,1.5,Suburb,1962,Fair
1357291.0,3296.0,4,3.5,Waterfront,2011,Excellent
492627.0,1867.0,3,2.0,Urban,1978,Good
504683.0,1907.0,3,2.0,Urban,1976,Good
495193.0,1905.0,3,2.0,Urban,1979,Good
386594.0,1633.0,2,2.0,Suburb,1968,Fair
1591167.0,3900.0,5,4.5,Waterfront,2014,Excellent
480065.0,1500.0,2,1.5,Suburb,1955,Good
272452.0,1414.0,2,1.0,Rural,1951,Fair
357833.0,1724.0,2,1.5,Rural,1968,Fair
351012.0,1591.0,2,1.5,Suburb,1963,Fair
378144.0,1657.0,2,1.5,Suburb,1965,Fair
288006.0,1431.0,2,1.0,Rural,1952,Fair
515237.0,1990.0,3,2.0,Urban,1983,Good
508575.0,1915.0,3,2.0,Urban,1983,Good
300647.0,1764.0,2,1.5,Rural,1962,Fair
488315.0,1854.0,2,2.0,Urban,1984,Good
348816.0,1506.0,2,1.5,Suburb,1960,Fair
275205.0,1388.0,2,1.0,Rural,1952,Poor
943801.0,2899.0,3,2.5,Downtown,2000,Excellent
309279.0,1633.0,2,1.5,Rural,1961,Fair
602304.0,2135.0,3,2.0,Downtown,1985,Good
603900.0,2162.0,3,2.0,Downtown,1986,Good
1070651.0,2991.0,4,3.0,Waterfront,2000,Good
329184.0,1793.0,2,1.5,Rural,1964,Fair
252542.0,1348.0,2,1.0,Rural,1949,Poor
348671.0,1734.0,2,1.5,Rural,1970,Fair
555305.0,2256.0,3,2.0,Downtown,1986,Good
690780.0,2497.0,3,2.5,Downtown,1993,Excellent
1303291.0,3230.0,4,3.5,Waterfront,2005,Excellent
432121.0,1979.0,3,2.0,Urban,1982,Good
506091.0,1942.0,3,2.0,Urban,1981,Good
787536.0,2692.0,3,2.5,Downtown,1997,Excellent
246070.0,1528.0,2,1.0,Rural,1951,Poor
311512.0,1668.0,2,1.5,Rural,1976,Fair
470232.0,1628.0,2,1.5,Suburb,1958,Good
504827.0,1864.0,2,2.0,Urban,1982,Good
1202872.0,2915.0,4,3.5,Waterfront,2002,Excellent
721264.0,2401.0,3,2.5,Downtown,1988,Good
1690134.0,3654.0,5,4.5,Waterfront,2013,Excellent
1619719.0,3677.0,5,4.0,Waterfront,2019,Excellent
481801.0,1968.0,3,2.0,Urban,1978,Good
621551.0,2142.0,3,2.0,Downtown,1985,Good
724573.0,2568.0,3,2.5,Downtown,1994,Excellent
367094.0,1657.0,2,1.5,Suburb,1967,Fair
365333.0,1687.0,2,1.5,Rural,1970,Fair
619354.0,2193.0,3,2.0,Downtown,1990,Good
1155623.0,3217.0,4,3.0,Waterfront,2004,Excellent
332172.0,1756.0,2,1.5,Rural,1972,Fair
460151.0,1893.0,3,2.0,Urban,1977,Good
325173.0,1595.0,2,1.5,Rural,1960,Fair
1243821.0,3333.0,4,3.5,Waterfront,2012,Excellent
468257.0,1714.0,2,2.0,Suburb,1974,Good
315674.0,1742.0,2,1.5,Rural,1958,Fair
594547.0,2236.0,3,2.0,Downtown,1984,Good
419516.0,1610.0,2,2.0,Suburb,1965,Fair
957671.0,2916.0,4,3.0,Mountain,2009,Excellent
236795.0,1525.0,2,1.0,Rural,1952,Poor
406823.0,1756.0,2,2.0,Suburb,1971,Good
586284.0,2166.0,3,2.0,Downtown,1983,Good
469715.0,1922.0,3,2.0,Urban,1979,Good
619526.0,2195.0,3,2.0,Downtown,1986,Good
705576.0,2599.0,3,2.5,Downtown,1993,Excellent
415998.0,1738.0,2,1.5,Suburb,1962,Good
280588.0,1488.0,2,1.0,Rural,1951,Poor
259334.0,1433.0,2,1.0,Rural,1952,Poor
1202476.0,3066.0,4,3.5,Waterfront,2005,Excellent
1085590.0,3137.0,4,3.5,Waterfront,2008,Excellent
531686.0,2058.0,3,2.5,Urban,1995,Good
558349.0,2225.0,3,2.0,Downtown,1988,Good
513703.0,2018.0,3,2.0,Urban,1985,Good
602021.0,2269.0,3,2.0,Downtown,1985,Good
500759.0,1582.0,2,1.5,Suburb,1957,Good
665628.0,2361.0,3,2.5,Downtown,1988,Good
663379.0,2256.0,3,2.0,Downtown,1985,Good
683717.0,2677.0,3,2.5,Downtown,1995,Excellent
297800.0,1589.0,2,1.5,Rural,1973,Fair
590098.0,2107.0,3,2.5,Urban,1997,Good
554752.0,2037.0,3,2.0,Downtown,1983,Good
649786.0,2486.0,3,2.5,Downtown,1992,Good
1873445.0,3825.0,5,4.5,Waterfront,2011,Excellent
624325.0,2284.0,3,2.0,Downtown,1986,Good
674342.0,2566.0,3,2.5,Downtown,1991,Excellent
384133.0,1641.0,2,1.5,Suburb,1965,Fair
1283833.0,2999.0,4,3.5,Waterfront,2007,Excellent
1427722.0,3332.0,4,4.0,Waterfront,2016,Excellent
1617747.0,3338.0,5,4.0,Waterfront,2021,Excellent
1021516.0,2930.0,4,3.0,Mountain,2008,Excellent
614303.0,2329.0,3,2.0,Downtown,1984,Good
621232.0,2192.0,3,2.0,Downtown,1986,Good
595338.0,2054.0,3,2.0,Downtown,1984,Good
261445.0,1461.0,2,1.0,Rural,1949,Poor
642768.0,2442.0,3,2.0,Downtown,1988,Good
606288.0,2250.0,3,2.0,Downtown,1984,Good
1589642.0,3712.0,5,4.0,Waterfront,2019,Excellent
740331.0,2503.0,3,2.5,Downtown,1996,Excellent
320845.0,1535.0,2,1.5,Rural,1976,Fair
403104.0,1703.0,2,2.0,Suburb,1971,Good
420471.0,1624.0,2,1.5,Suburb,1961,Fair
946013.0,2935.0,4,3.0,Mountain,2012,Excellent
738409.0,2517.0,3,2.5,Downtown,1997,Excellent
721196.0,2589.0,3,2.5,Downtown,1999,Excellent
1463715.0,3459.0,5,4.0,Waterfront,2016,Excellent
490149.0,1566.0,2,1.5,Suburb,1954,Good
847111.0,2840.0,4,3.0,Mountain,2008,Excellent
776699.0,2605.0,3,2.5,Downtown,1998,Excellent
313954.0,1684.0,2,1.5,Rural,1961,Fair
1166088.0,3109.0,4,3.5,Waterfront,2006,Excellent
567523.0,2185.0,3,2.0,Downtown,1984,Good
604707.0,2101.0,3,2.5,Urban,1998,Good
596981.0,2187.0,3,2.0,Downtown,1983,Good
254673.0,1514.0,2,1.0,Rural,1954,Poor
529998.0,1945.0,3,2.0,Urban,1983,Good
488178.0,1958.0,3,2.0,Urban,1983,Good
488950.0,1720.0,2,2.0,Suburb,1974,Good
731904.0,2686.0,3,2.5,Downtown,1993,Excellent
293136.0,1495.0,2,1.0,Rural,1952,Fair
1236479.0,3357.0,4,4.0,Waterfront,2016,Excellent
1141667.0,3301.0,4,3.5,Waterfront,2007,Excellent
581348.0,2044.0,3,2.5,Urban,1997,Good
343371.0,1572.0,2,1.5,Suburb,1966,Fair
468401.0,1755.0,2,2.0,Suburb,1970,Good
327763.0,1721.0,2,1.5,Rural,1962,Fair
989134.0,2946.0,4,3.0,Mountain,2012,Excellent
591695.0,2157.0,3,2.5,Urban,1996,Good
556769.0,2147.0,3,2.0,Urban,1989,Good
315870.0,1651.0,2,1.5,Rural,1976,Fair
483991.0,1989.0,3,2.0,Urban,1989,Good
865554.0,3004.0,4,3.0,Mountain,2010,Excellent
410809.0,1809.0,2,2.0,Suburb,1974,Good
837208.0,3081.0,4,3.0,Mountain,2008,Excellent
762673.0,2435.0,3,2.5,Downtown,1991,Good
861058.0,2964.0,4,3.0,Mountain,2010,Excellent
494651.0,2099.0,3,2.0,Urban,1986,Good
362184.0,1610.0,2,2.0,Suburb,1966,Fair
611744.0,2402.0,3,2.0,Downtown,1988,Good
314201.0,1665.0,2,1.5,Rural,1963,Fair
583658.0,2100.0,3,2.0,Urban,1992,Good
1593310.0,3714.0,5,4.0,Waterfront,2017,Excellent
591738.0,2224.0,3,2.0,Downtown,1983,Good
491667.0,1644.0,2,1.5,Suburb,1954,Good
351286.0,1511.0,2,1.5,Suburb,1967,Fair
693942.0,2555.0,3,2.5,Downtown,1994,Excellent
537347.0,2132.0,3,2.0,Urban,1991,Good
376083.0,1790.0,2,1.5,Rural,1974,Fair
407155.0,1745.0,2,2.0,Suburb,1969,Fair
574733.0,2208.0,3,2.0,Downtown,1983,Good
848523.0,2978.0,3,2.5,Downtown,1999,Excellent
419154.0,1818.0,2,2.0,Suburb,1969,Good
543893.0,2047.0,3,2.5,Urban,1994,Good
694377.0,2518.0,3,2.5,Downtown,1998,Excellent
515581.0,1564.0,2,1.5,Suburb,1956,Good
251585.0,1342.0,2,1.0,Rural,1946,Poor
610412.0,2192.0,3,2.0,Downtown,1985,Good
1179776.0,3280.0,4,3.5,Waterfront,2009,Excellent
678446.0,2652.0,3,2.5,Downtown,1991,Excellent
604531.0,2171.0,3,2.0,Downtown,1983,Good
1669230.0,3831.0,5,4.5,Waterfront,2012,Excellent
867699.0,2834.0,4,3.0,Mountain,2009,Excellent
254834.0,1338.0,2,1.0,Rural,1946,Poor
543467.0,2148.0,3,2.0,Urban,1990,Good
299076.0,1626.0,2,1.5,Rural,1976,Fair
526630.0,1981.0,3,2.0,Urban,1990,Good
1552617.0,3507.0,4,4.0,Waterfront,2016,Excellent
1453343.0,3631.0,5,4.0,Waterfront,2017,Excellent
297391.0,1691.0,2,1.5,Rural,1964,Fair
1392239.0,3341.0,4,4.0,Waterfront,2013,Excellent
463314.0,2110.0,3,2.0,Urban,1985,Good
666062.0,2061.0,3,2.0,Downtown,1983,Good
466949.0,1731.0,2,2.0,Suburb,1974,Good
269710.0,1490.0,2,1.0,Rural,1954,Fair
1056383.0,3144.0,4,3.5,Waterfront,2005,Excellent
470392.0,1976.0,3,2.0,Urban,1981,Good
248729.0,1404.0,2,1.0,Rural,1946,Poor
539849.0,2061.0,3,2.0,Downtown,1986,Good
426523.0,1693.0,2,2.0,Suburb,1973,Good
1406682.0,3525.0,5,4.0,Waterfront,2019,Excellent
505141.0,1926.0,3,2.0,Urban,1983,Good
536086.0,2088.0,3,2.0,Urban,1993,Good
350233.0,1631.0,2,1.5,Suburb,1961,Fair
341767.0,1480.0,2,1.5,Suburb,1961,Fair
325741.0,1786.0,2,1.5,Rural,1961,Fair
263419.0,1458.0,2,1.0,Rural,1951,Poor
339747.0,1675.0,2,1.5,Rural,1962,Fair
1142046.0,3069.0,4,3.5,Waterfront,2004,Excellent
409969.0,1625.0,2,1.5,Suburb,1964,Fair
259215.0,1398.0,2,1.0,Rural,1946,Poor
540255.0,2047.0,3,2.0,Urban,1988,Good
277829.0,1471.0,2,1.0,Rural,1953,Fair
898010.0,2867.0,3,2.5,Downtown,2002,Excellent
733432.0,2460.0,3,2.5,Downtown,1989,Good
715211.0,2552.0,3,2.5,Downtown,1993,Excellent
333885.0,1725.0,2,1.5,Rural,1961,Fair
245685.0,1345.0,2,1.0,Rural,1945,Poor
432117.0,1811.0,3,2.0,Suburb,1973,Good
924607.0,2967.0,4,3.0,Mountain,2012,Excellent
531507.0,2197.0,3,2.0,Downtown,1981,Good
510169.0,1980.0,3,2.5,Urban,1993,Good
287291.0,1440.0,2,1.0,Rural,1955,Fair
399764.0,1648.0,2,1.5,Suburb,1963,Fair
1413273.0,3396.0,5,4.0,Waterfront,2016,Excellent
279169.0,1424.0,2,1.0,Rural,1952,Fair
676801.0,2416.0,3,2.5,Downtown,1991,Good
654353.0,2318.0,3,2.5,Downtown,1988,Good
391167.0,1549.0,2,1.5,Suburb,1961,Fair
552455.0,1916.0,3,2.5,Urban,1997,Good
236302.0,1397.0,2,1.0,Rural,1948,Poor
1321032.0,3421.0,4,4.0,Waterfront,2012,Excellent
1166196.0,3235.0,4,3.5,Waterfront,2009,Excellent
360807.0,1630.0,2,1.5,Suburb,1961,Fair
240653.0,1318.0,2,1.0,Rural,1947,Poor
887934.0,2888.0,4,3.0,Mountain,2010,Excellent
1190040.0,3139.0,4,3.0,Waterfront,2004,Excellent
493186.0,1876.0,3,2.0,Urban,1984,Good
1414195.0,3433.0,4,4.0,Waterfront,2012,Excellent
1315659.0,3345.0,4,3.5,Waterfront,2013,Excellent
703343.0,2601.0,3,2.5,Downtown,1996,Excellent
1137501.0,3250.0,4,3.5,Waterfront,2005,Excellent
548155.0,2051.0,3,2.5,Urban,1996,Good
425176.0,1676.0,2,2.0,Suburb,1968,Good
388894.0,1771.0,2,1.5,Suburb,1963,Good
686869.0,2706.0,3,2.5,Downtown,1991,Excellent
1507430.0,3489.0,4,4.0,Waterfront,2016,Excellent
402829.0,1753.0,2,2.0,Suburb,1970,Good
330853.0,1654.0,2,1.5,Rural,1958,Fair
558192.0,2022.0,3,2.5,Urban,1994,Good
363901.0,1759.0,2,1.5,Rural,1970,Fair
568537.0,2201.0,3,2.0,Downtown,1982,Good
322261.0,1702.0,2,1.5,Rural,1960,Fair
659841.0,2496.0,3,2.5,Downtown,1993,Good
265141.0,1353.0,2,1.0,Rural,1948,Poor
478035.0,1926.0,3,2.0,Urban,1982,Good
1471916.0,3632.0,5,4.0,Waterfront,2015,Excellent
266750.0,1465.0,2,1.0,Rural,1951,Poor
673379.0,2403.0,3,2.5,Downtown,1990,Good
441947.0,1809.0,2,2.0,Suburb,1971,Good
1387430.0,3450.0,4,4.0,Waterfront,2016,Excellent
611480.0,2186.0,3,2.0,Downtown,1982,Good
729498.0,2673.0,3,2.5,Downtown,1999,Excellent
335412.0,1777.0,2,1.5,Rural,1972,Fair
443647.0,1774.0,2,2.0,Suburb,1972,Good
696692.0,2439.0,3,2.5,Downtown,1992,Good
761148.0,2449.0,3,2.5,Downtown,1998,Excellent
716473.0,2506.0,3,2.5,Downtown,1996,Excellent
350175.0,1779.0,2,1.5,Rural,1962,Fair
1586207.0,3787.0,5,4.5,Waterfront,2014,Excellent
293727.0,1678.0,2,1.5,Rural,1958,Fair
260730.0,1363.0,2,1.0,Rural,1949,Poor
1647948.0,3860.0,5,4.0,Waterfront,2016,Excellent
592294.0,2211.0,3,2.0,Downtown,1985,Good
433665.0,1808.0,3,2.0,Suburb,1974,Good
533063.0,2018.0,3,2.0,Urban,1990,Good
534332.0,1978.0,3,2.0,Urban,1980,Good
1553573.0,3385.0,4,4.0,Waterfront,2016,Excellent
273319.0,1651.0,2,1.5,Rural,1956,Fair
517920.0,2097.0,3,2.5,Urban,1992,Good
869537.0,3095.0,3,2.5,Downtown,2003,Excellent
767741.0,2574.0,3,2.5,Downtown,1995,Excellent
367893.0,1649.0,2,2.0,Suburb,1973,Good
487204.0,2074.0,3,2.0,Urban,1976,Good
505426.0,2088.0,3,2.0,Urban,1986,Good
524724.0,2061.0,3,2.0,Urban,1981,Good
296714.0,1373.0,2,1.0,Rural,1951,Fair
432767.0,1709.0,2,2.0,Suburb,1971,Good
1049956.0,3112.0,4,3.5,Waterfront,2004,Excellent
425432.0,1849.0,3,2.0,Suburb,1976,Good
470808.0,1943.0,3,2.0,Urban,1981,Good
399614.0,1644.0,2,2.0,Suburb,1970,Good
620887.0,2068.0,3,2.0,Downtown,1983,Good
310655.0,1830.0,2,1.5,Rural,1966,Fair
417341.0,1734.0,2,1.5,Suburb,1966,Fair
540285.0,1974.0,3,2.0,Urban,1981,Good
253033.0,1479.0,2,1.0,Rural,1952,Poor
340502.0,1696.0,2,1.5,Rural,1966,Fair
592850.0,2177.0,3,2.0,Downtown,1987,Good
576890.0,2079.0,3,2.0,Downtown,1980,Good
274443.0,1384.0,2,1.0,Rural,1948,Poor
261328.0,1451.0,2,1.0,Rural,1952,Poor
1310023.0,3195.0,4,3.5,Waterfront,2010,Excellent
600761.0,2433.0,3,2.0,Downtown,1987,Good
594708.0,2230.0,3,2.0,Downtown,1984,Good
549435.0,2189.0,3,2.5,Urban,1997,Good
460026.0,1953.0,3,2.0,Urban,1981,Good
1419003.0,3648.0,5,4.0,Waterfront,2017,Excellent
518865.0,2045.0,3,2.5,Urban,1991,Good
267589.0,1484.0,2,1.0,Rural,1952,Fair
284688.0,1687.0,2,1.5,Rural,1962,Fair
530653.0,2176.0,3,2.5,Urban,1994,Good
443971.0,1756.0,2,2.0,Urban,1980,Good
265593.0,1488.0,2,1.0,Rural,1953,Poor
422556.0,1750.0,2,1.5,Suburb,1961,Good
771641.0,2630.0,3,2.5,Downtown,1999,Excellent
470776.0,1968.0,3,2.0,Urban,1980,Good
546448.0,2145.0,3,2.0,Urban,1989,Good
624116.0,2232.0,3,2.0,Downtown,1986,Good
461161.0,1770.0,2,2.0,Suburb,1972,Good
318609.0,1594.0,2,1.5,Rural,1957,Fair
493972.0,2212.0,3,2.5,Urban,1997,Good
928320.0,2958.0,4,3.0,Mountain,2007,Excellent
775116.0,2777.0,3,2.5,Downtown,1997,Excellent
344369.0,1785.0,2,1.5,Rural,1968,Fair
875074.0,2924.0,4,3.0,Mountain,2010,Excellent
289133.0,1454.0,2,1.0,Rural,1952,Poor
511122.0,1942.0,3,2.0,Urban,1979,Good
653802.0,2122.0,3,2.0,Downtown,1986,Good
371516.0,1773.0,2,1.5,Rural,1973,Fair
1718987.0,3763.0,5,4.5,Waterfront,2010,Excellent
597174.0,2156.0,3,2.0,Downtown,1987,Good
494403.0,1556.0,2,1.5,Suburb,1955,Good
255137.0,1408.0,2,1.0,Rural,1951,Poor
464941.0,1574.0,2,1.5,Suburb,1958,Good
1125440.0,2929.0,4,3.0,Waterfront,2001,Good
268514.0,1331.0,2,1.0,Rural,1945,Poor
487617.0,1580.0,2,1.5,Suburb,1954,Good
470978.0,1734.0,2,2.0,Suburb,1971,Good
339340.0,1548.0,2,1.5,Suburb,1960,Fair
1410642.0,3446.0,4,4.0,Waterfront,2012,Excellent
362998.0,1828.0,2,1.5,Rural,1969,Fair
1207554.0,3174.0,4,3.5,Waterfront,2008,Excellent
546865.0,2189.0,3,2.0,Downtown,1982,Good
710193.0,2388.0,3,2.5,Downtown,1990,Good
449081.0,1813.0,3,2.0,Suburb,1972,Good
396057.0,1890.0,3,2.0,Suburb,1976,Good
407078.0,1731.0,2,2.0,Suburb,1968,Good
379743.0,1714.0,2,1.5,Suburb,1967,Fair
661376.0,2613.0,3,2.5,Downtown,1991,Excellent
1220364.0,3466.0,4,3.5,Waterfront,2008,Excellent
246250.0,1372.0,2,1.0,Rural,1951,Poor
1197420.0,3199.0,4,3.5,Waterfront,2009,Excellent
735410.0,2593.0,3,2.5,Downtown,1995,Excellent
605465.0,2162.0,3,2.0,Downtown,1986,Good
1214403.0,3123.0,4,3.5,Waterfront,2007,Excellent
449011.0,1829.0,3,2.0,Suburb,1974,Good
433150.0,1732.0,2,2.0,Suburb,1970,Good
261840.0,1367.0,2,1.0,Rural,1947,Poor
1649029.0,3556.0,5,4.0,Waterfront,2016,Excellent
337482.0,1703.0,2,1.5,Rural,1960,Fair
402025.0,1699.0,2,1.5,Rural,1971,Fair
536154.0,2066.0,3,2.0,Urban,1995,Good
1378208.0,3136.0,4,3.5,Waterfront,2010,Excellent
1112466.0,2981.0,4,3.0,Waterfront,2002,Good
617432.0,2318.0,3,2.0,Downtown,1987,Good
517167.0,1973.0,3,2.0,Urban,1995,Good
957183.0,2950.0,4,3.0,Mountain,2010,Excellent
279162.0,1488.0,2,1.0,Rural,1950,Poor
509845.0,1536.0,2,1.5,Suburb,1954,Good
1289146.0,3307.0,4,3.5,Waterfront,2006,Excellent
1132728.0,2909.0,4,3.0,Waterfront,2005,Excellent
392088.0,1698.0,2,2.0,Suburb,1970,Good
1465997.0,3499.0,4,4.0,Waterfront,2015,Excellent
526639.0,2014.0,3,2.0,Urban,1989,Good
780174.0,2542.0,3,2.5,Downtown,2000,Excellent
565948.0,2249.0,3,2.0,Downtown,1984,Good
1288591.0,2991.0,4,3.5,Waterfront,2005,Excellent
1273711.0,3356.0,4,4.0,Waterfront,2015,Excellent
572393.0,2242.0,3,2.0,Downtown,1987,Good
557552.0,2078.0,3,2.0,Urban,1990,Good
436493.0,1993.0,3,2.0,Urban,1980,Good
331152.0,1726.0,2,1.5,Rural,1962,Fair
323256.0,1744.0,2,1.5,Rural,1963,Fair
354458.0,1664.0,2,1.5,Suburb,1961,Fair
376201.0,1629.0,2,1.5,Suburb,1967,Fair
298779.0,1649.0,2,1.5,Rural,1959,Fair
662424.0,2219.0,3,2.0,Downtown,1987,Good
735902.0,2465.0,3,2.5,Downtown,1992,Good
468371.0,1902.0,3,2.0,Urban,1978,Good
329477.0,1700.0,2,1.5,Rural,1960,Fair
501422.0,2074.0,3,2.0,Urban,1990,Good
1180091.0,3064.0,4,3.0,Waterfront,2003,Good
328333.0,1671.0,2,1.5,Rural,1958,Fair
1152727.0,2985.0,4,3.5,Waterfront,2007,Excellent
1251055.0,3250.0,4,3.5,Waterfront,2011,Excellent
296603.0,1602.0,2,1.5,Rural,1957,Fair
565232.0,2296.0,3,2.0,Downtown,1984,Good
447080.0,1704.0,2,2.0,Suburb,1968,Good
723163.0,2451.0,3,2.5,Downtown,1999,Excellent
482920.0,1946.0,3,2.0,Urban,1983,Good
369202.0,1703.0,2,1.5,Suburb,1963,Fair
289739.0,1449.0,2,1.0,Rural,1951,Fair
426991.0,1842.0,3,2.0,Suburb,1976,Good
1010678.0,2929.0,4,3.0,Waterfront,2002,Good
1041659.0,3146.0,4,3.0,Waterfront,2000,Good
909895.0,2895.0,3,2.5,Downtown,2002,Excellent
301781.0,1521.0,2,1.0,Rural,1950,Poor
241747.0,1406.0,2,1.0,Rural,1949,Poor
476939.0,2030.0,3,2.0,Urban,1983,Good
1155463.0,3377.0,4,3.5,Waterfront,2008,Excellent
385629.0,1784.0,2,2.0,Suburb,1973,Good
397607.0,1657.0,2,1.5,Suburb,1961,Fair
451388.0,1745.0,2,2.0,Suburb,1973,Good
531684.0,1984.0,3,2.0,Urban,1994,Good
312517.0,1707.0,2,1.5,Rural,1961,Fair
1503589.0,3445.0,4,4.0,Waterfront,2013,Excellent
1351652.0,3673.0,4,4.0,Waterfront,2015,Excellent
1349724.0,3182.0,4,3.5,Waterfront,2014,Excellent
409155.0,1803.0,2,2.0,Suburb,1970,Good
593310.0,2254.0,3,2.0,Downtown,1984,Good
1294623.0,3504.0,4,4.0,Waterfront,2015,Excellent
358949.0,1828.0,2,1.5,Rural,1971,Fair
600680.0,2250.0,3,2.0,Downtown,1985,Good
663914.0,2501.0,3,2.5,Downtown,1990,Excellent
587906.0,2250.0,3,2.0,Downtown,1985,Good
534995.0,1939.0,3,2.0,Urban,1982,Good
327378.0,1675.0,2,1.5,Rural,1957,Fair
344291.0,1793.0,2,1.5,Rural,1972,Fair
536812.0,2026.0,3,2.5,Urban,1995,Good
743584.0,2735.0,3,2.5,Downtown,1997,Excellent
599404.0,2213.0,3,2.0,Downtown,1986,Good
1090379.0,3212.0,4,3.5,Waterfront,2005,Excellent
304375.0,1681.0,2,1.5,Rural,1958,Fair
879485.0,3013.0,4,3.0,Mountain,2008,Excellent
857396.0,2881.0,4,3.0,Mountain,2008,Excellent
1312347.0,3232.0,4,3.5,Waterfront,2013,Excellent
633450.0,2212.0,3,2.0,Downtown,1984,Good
353095.0,1696.0,2,1.5,Suburb,1964,Fair
869600.0,2815.0,4,3.0,Mountain,2009,Excellent
424995.0,1781.0,3,2.0,Suburb,1973,Good
1671361.0,3762.0,5,4.5,Waterfront,2011,Excellent
391475.0,1657.0,2,2.0,Suburb,1965,Fair
269724.0,1384.0,2,1.0,Rural,1951,Poor
257177.0,1382.0,2,1.0,Rural,1952,Poor
631575.0,2262.0,3,2.0,Downtown,1989,Good
336315.0,1663.0,2,1.5,Rural,1963,Fair
429214.0,1658.0,2,2.0,Suburb,1968,Good
1204164.0,3096.0,4,3.5,Waterfront,2007,Excellent
620555.0,2173.0,3,2.0,Downtown,1986,Good
510493.0,2023.0,3,2.0,Urban,1979,Good
646015.0,2345.0,3,2.0,Downtown,1990,Good
329412.0,1777.0,2,1.5,Rural,1958,Fair
330774.0,1849.0,2,1.5,Rural,1973,Fair
415650.0,1761.0,2,2.0,Suburb,1968,Good
652722.0,2660.0,3,2.5,Downtown,1994,Excellent
1653550.0,3694.0,5,4.0,Waterfront,2020,Excellent
296949.0,1706.0,2,1.5,Rural,1962,Fair
588000.0,2328.0,3,2.0,Downtown,1983,Good
250204.0,1436.0,2,1.0,Rural,1951,Poor
1554190.0,3807.0,5,4.0,Waterfront,2020,Excellent
1209722.0,2965.0,4,3.5,Waterfront,2002,Excellent
478037.0,1798.0,2,2.0,Urban,1981,Good
499201.0,1968.0,3,2.0,Urban,1983,Good
529579.0,1989.0,3,2.0,Urban,1982,Good
260913.0,1354.0,2,1.0,Rural,1950,Poor
429428.0,1951.0,3,2.0,Suburb,1972,Good
1556597.0,3870.0,5,4.5,Waterfront,2011,Excellent
1069647.0,3009.0,4,3.0,Waterfront,2004,Good
240707.0,1426.0,2,1.0,Rural,1948,Poor
771444.0,2642.0,3,2.5,Downtown,1995,Excellent
950613.0,2967.0,3,2.5,Downtown,2002,Excellent
447917.0,1638.0,2,2.0,Suburb,1971,Good
267909.0,1714.0,2,1.5,Rural,1958,Fair
565767.0,2133.0,3,2.0,Urban,1989,Good
646375.0,2297.0,3,2.0,Downtown,1987,Good
1773407.0,3888.0,5,4.5,Waterfront,2013,Excellent
464068.0,2091.0,3,2.0,Urban,1990,Good
742299.0,2357.0,3,2.5,Downtown,1990,Good
428892.0,1804.0,2,2.0,Suburb,1970,Good
456632.0,1849.0,2,2.0,Urban,1981,Good
1278193.0,3205.0,4,3.5,Waterfront,2008,Excellent
658547.0,2616.0,3,2.5,Downtown,1993,Excellent
279039.0,1520.0,2,1.0,Rural,1951,Fair
354575.0,1733.0,2,1.5,Rural,1965,Fair
284589.0,1441.0,2,1.0,Rural,1954,Fair
486416.0,1880.0,3,2.0,Urban,1981,Good
732266.0,2738.0,3,2.5,Downtown,1994,Excellent
368845.0,1606.0,2,2.0,Suburb,1968,Fair
471438.0,1879.0,3,2.0,Urban,1980,Good
1111125.0,3108.0,4,3.0,Waterfront,2007,Excellent
441471.0,1809.0,2,2.0,Suburb,1972,Good
485439.0,2191.0,3,2.5,Urban,1999,Good
415013.0,1680.0,2,2.0,Suburb,1970,Fair
933584.0,2957.0,4,3.0,Mountain,2010,Excellent
392265.0,1538.0,2,1.5,Suburb,1960,Fair
1426167.0,3444.0,5,4.0,Waterfront,2017,Excellent
1652414.0,3603.0,5,4.0,Waterfront,2017,Excellent
1111054.0,3165.0,4,3.0,Waterfront,2000,Good
837192.0,2947.0,4,3.0,Mountain,2009,Excellent
1700928.0,3700.0,5,4.0,Waterfront,2018,Excellent
671730.0,2471.0,3,2.5,Downtown,1991,Good
441524.0,2010.0,3,2.0,Urban,1979,Good
291044.0,1642.0,2,1.5,Rural,1959,Fair
252488.0,1364.0,2,1.0,Rural,1951,Poor
523819.0,2096.0,3,2.0,Urban,1987,Good
642478.0,2162.0,3,2.0,Downtown,1985,Good
377613.0,1666.0,2,1.5,Suburb,1962,Fair
1596341.0,3675.0,5,4.0,Waterfront,2020,Excellent
555780.0,1489.0,2,1.5,Suburb,1958,Good
334613.0,1642.0,2,1.5,Rural,1976,Fair
739280.0,2621.0,3,2.5,Downtown,1993,Excellent
580737.0,2242.0,3,2.0,Downtown,1984,Good
340296.0,1835.0,2,1.5,Rural,1967,Fair
490367.0,1915.0,3,2.0,Urban,1982,Good
431966.0,1795.0,2,2.0,Suburb,1971,Good
346359.0,1678.0,2,1.5,Rural,1963,Fair
271463.0,1365.0,2,1.0,Rural,1951,Fair
411296.0,1739.0,2,1.5,Suburb,1964,Good
270241.0,1421.0,2,1.0,Rural,1948,Poor
1131266.0,3209.0,4,3.5,Waterfront,2007,Excellent
455463.0,1907.0,3,2.0,Urban,1976,Good
582587.0,2083.0,3,2.0,Downtown,1982,Good
464036.0,1873.0,3,2.0,Urban,1976,Good
389203.0,1684.0,2,1.5,Suburb,1961,Fair
710534.0,2613.0,3,2.5,Downtown,1996,Excellent
376284.0,1697.0,2,1.5,Suburb,1964,Fair
597470.0,2146.0,3,2.0,Urban,1989,Good
520533.0,1961.0,3,2.0,Urban,1984,Good
432165.0,1712.0,2,2.0,Suburb,1974,Good
941650.0,2981.0,4,3.0,Mountain,2006,Excellent
500149.0,2015.0,3,2.0,Urban,1986,Good
671610.0,2460.0,3,2.5,Downtown,1992,Excellent
253215.0,1403.0,2,1.0,Rural,1950,Poor
757926.0,2714.0,3,2.5,Downtown,1995,Excellent
1176435.0,3392.0,4,3.5,Waterfront,2010,Excellent
1161379.0,3082.0,4,3.5,Waterfront,2005,Excellent
507783.0,1893.0,3,2.0,Urban,1979,Good
379832.0,1744.0,2,2.0,Suburb,1970,Fair
505780.0,1590.0,2,1.5,Suburb,1958,Good
1483351.0,3545.0,5,4.0,Waterfront,2017,Excellent
328358.0,1625.0,2,1.5,Rural,1977,Fair
439471.0,1652.0,2,2.0,Suburb,1968,Good
701310.0,2533.0,3,2.5,Downtown,1995,Excellent
481249.0,2025.0,3,2.0,Urban,1984,Good
601250.0,2193.0,3,2.0,Downtown,1987,Good
1087181.0,2917.0,4,3.0,Waterfront,2004,Good
423294.0,1900.0,2,2.0,Suburb,1969,Good
606432.0,2056.0,3,2.0,Downtown,1981,Good
409271.0,1943.0,3,2.0,Suburb,1972,Good
1389953.0,3448.0,4,4.0,Waterfront,2014,Excellent
247123.0,1446.0,2,1.0,Rural,1949,Poor
265787.0,1393.0,2,1.0,Rural,1954,Fair
431734.0,1791.0,2,2.0,Suburb,1971,Good
259579.0,1361.0,2,1.0,Rural,1953,Fair
267472.0,1342.0,2,1.0,Rural,1950,Poor
493235.0,2201.0,3,2.5,Urban,1991,Good
537341.0,2001.0,3,2.0,Urban,1989,Good
240779.0,1482.0,2,1.0,Rural,1951,Poor
345972.0,1529.0,2,1.5,Suburb,1958,Fair
1467065.0,3493.0,4,4.0,Waterfront,2012,Excellent
740261.0,2542.0,3,2.5,Downtown,1992,Good
328090.0,1722.0,2,1.5,Rural,1969,Fair
743214.0,2487.0,3,2.5,Downtown,1995,Excellent
339265.0,1786.0,2,1.5,Rural,1961,Fair
336071.0,1768.0,2,1.5,Rural,1963,Fair
1173729.0,3125.0,4,3.5,Waterfront,2006,Excellent
702675.0,2603.0,3,2.5,Downtown,1992,Excellent
1304256.0,3142.0,4,3.5,Waterfront,2010,Excellent
314847.0,1720.0,2,1.5,Rural,1958,Fair
450601.0,1692.0,2,2.0,Suburb,1971,Good
459650.0,1867.0,3,2.0,Urban,1983,Good
375875.0,1753.0,2,1.5,Suburb,1963,Good
626393.0,2163.0,3,2.0,Downtown,1984,Good
1125357.0,3121.0,4,3.5,Waterfront,2009,Excellent
794322.0,2645.0,3,2.5,Downtown,1999,Excellent
486713.0,1985.0,3,2.0,Urban,1982,Good
416852.0,1687.0,2,2.0,Suburb,1969,Good
532413.0,2094.0,3,2.0,Urban,1993,Good
401075.0,1816.0,2,2.0,Suburb,1971,Good
557042.0,2057.0,3,2.5,Urban,1993,Good
501031.0,1785.0,2,2.0,Urban,1982,Good
339147.0,1715.0,2,1.5,Rural,1963,Fair
479022.0,1992.0,3,2.0,Urban,1981,Good
231698.0,1411.0,2,1.0,Rural,1947,Poor
1184026.0,3384.0,4,3.5,Waterfront,2014,Excellent
315529.0,1503.0,2,1.5,Suburb,1966,Fair
439730.0,1669.0,3,2.0,Suburb,1975,Good
336899.0,1816.0,2,1.5,Rural,1969,Fair
1024641.0,2965.0,4,3.0,Mountain,2011,Excellent
620755.0,2468.0,3,2.5,Downtown,1992,Good
1363917.0,3444.0,4,3.5,Waterfront,2011,Excellent
755346.0,2811.0,3,2.5,Downtown,1995,Excellent
319689.0,1686.0,2,1.5,Rural,1964,Fair
465553.0,1533.0,2,1.5,Suburb,1955,Good
398421.0,1686.0,2,1.5,Suburb,1962,Fair
487573.0,1901.0,3,2.0,Urban,1981,Good
400599.0,1712.0,2,1.5,Suburb,1961,Good
379135.0,1611.0,2,1.5,Suburb,1965,Fair
1164295.0,3217.0,4,3.5,Waterfront,2007,Excellent
455482.0,1823.0,2,2.0,Urban,1983,Good
332802.0,1593.0,2,1.5,Rural,1975,Fair
313538.0,1631.0,2,1.5,Rural,1959,Fair
361452.0,1793.0,2,1.5,Rural,1974,Fair
284557.0,1747.0,2,1.5,Rural,1958,Fair
686779.0,2663.0,3,2.5,Downtown,1992,Excellent
1097802.0,3006.0,4,3.0,Waterfront,2001,Good
1143810.0,3128.0,4,3.0,Waterfront,2001,Good
333505.0,1742.0,2,1.5,Rural,1964,Fair
734665.0,2595.0,3,2.5,Downtown,1997,Excellent
296548.0,1472.0,2,1.0,Rural,1953,Poor
315347.0,1669.0,2,1.5,Rural,1963,Fair
484906.0,1510.0,2,1.5,Suburb,1957,Good
358022.0,1582.0,2,1.5,Suburb,1964,Fair
438476.0,1893.0,3,2.0,Urban,1978,Good
685458.0,2640.0,3,2.5,Downtown,1996,Excellent
1166520.0,3248.0,4,3.0,Waterfront,2007,Excellent
633975.0,2206.0,3,2.0,Downtown,1985,Good
485950.0,1880.0,3,2.0,Urban,1981,Good
592674.0,2278.0,3,2.0,Downtown,1985,Good
1084753.0,2955.0,4,3.0,Waterfront,2001,Good
585502.0,2037.0,3,2.0,Downtown,1985,Good
1690764.0,3695.0,5,4.0,Waterfront,2017,Excellent
396134.0,1812.0,3,2.0,Suburb,1974,Good
1156399.0,3207.0,4,3.0,Waterfront,1999,Good
1241432.0,3570.0,5,4.0,Waterfront,2015,Excellent
319450.0,1615.0,2,1.5,Rural,1977,Fair
576990.0,1993.0,3,2.0,Urban,1989,Good
635930.0,2252.0,3,2.0,Downtown,1987,Good
494047.0,2025.0,3,2.0,Urban,1979,Good
1562138.0,3553.0,5,4.0,Waterfront,2017,Excellent
445759.0,1788.0,2,2.0,Urban,1981,Good
725406.0,2622.0,3,2.5,Downtown,1993,Excellent
750072.0,2636.0,3,2.5,Downtown,1995,Excellent
728462.0,2716.0,3,2.5,Downtown,1995,Excellent
340446.0,1731.0,2,1.5,Rural,1973,Fair
1478673.0,3579.0,5,4.0,Waterfront,2020,Excellent
1144977.0,3012.0,4,3.5,Waterfront,2001,Excellent
439699.0,1810.0,2,2.0,Suburb,1969,Good
513142.0,1958.0,3,2.0,Urban,1984,Good
393480.0,1627.0,2,1.5,Suburb,1967,Fair
251530.0,1438.0,2,1.0,Rural,1953,Fair
1325377.0,3467.0,4,4.0,Waterfront,2012,Excellent
264723.0,1494.0,2,1.0,Rural,1954,Fair
527845.0,2022.0,3,2.0,Urban,1990,Good
600493.0,2173.0,3,2.0,Downtown,1987,Good
531907.0,2197.0,3,2.5,Urban,1995,Good
1558781.0,3416.0,5,4.0,Waterfront,2018,Excellent
398958.0,1674.0,2,1.5,Suburb,1965,Fair
333986.0,1818.0,2,1.5,Rural,1966,Fair
587397.0,2048.0,3,2.0,Downtown,1989,Good
256941.0,1515.0,2,1.0,Rural,1954,Fair
1522744.0,3596.0,5,4.0,Waterfront,2017,Excellent
541470.0,2096.0,3,2.5,Urban,1994,Good
361579.0,1634.0,2,1.5,Suburb,1963,Fair
385499.0,1693.0,2,1.5,Suburb,1963,Fair
451398.0,1855.0,2,2.0,Urban,1980,Good
1146473.0,3263.0,4,3.5,Waterfront,2008,Excellent
1286014.0,3018.0,4,3.0,Waterfront,2004,Excellent
557144.0,2124.0,3,2.0,Urban,1993,Good
386665.0,1781.0,2,2.0,Suburb,1974,Good
708493.0,2821.0,3,2.5,Downtown,1997,Excellent
1086311.0,3226.0,4,3.0,Waterfront,2003,Good
788759.0,2499.0,3,2.5,Downtown,1993,Excellent
1184092.0,3108.0,4,3.5,Waterfront,2007,Excellent
1128751.0,3120.0,4,3.5,Waterfront,2007,Excellent
1138075.0,2996.0,4,3.0,Waterfront,2002,Good
376323.0,1752.0,2,1.5,Suburb,1961,Good
298069.0,1692.0,2,1.5,Rural,1959,Fair
411527.0,1816.0,2,2.0,Suburb,1970,Good
709543.0,2737.0,3,2.5,Downtown,1992,Excellent
326621.0,1729.0,2,1.5,Rural,1958,Fair
548794.0,1947.0,3,2.0,Urban,1982,Good
325826.0,1709.0,2,1.5,Rural,1970,Fair
510495.0,1950.0,3,2.0,Urban,1981,Good
510582.0,2107.0,3,2.0,Urban,1992,Good
492107.0,1969.0,3,2.0,Urban,1983,Good
435426.0,1651.0,2,2.0,Suburb,1969,Good
261815.0,1451.0,2,1.0,Rural,1952,Fair
1238471.0,3065.0,4,3.0,Waterfront,2005,Excellent
1254172.0,3063.0,4,3.0,Waterfront,2005,Excellent
420701.0,1777.0,2,2.0,Suburb,1974,Good
524646.0,1966.0,3,2.0,Urban,1982,Good
632042.0,2423.0,3,2.5,Downtown,1993,Good
720407.0,2356.0,3,2.5,Downtown,1989,Good
615710.0,2412.0,3,2.5,Downtown,1989,Good
666237.0,2226.0,3,2.0,Downtown,1985,Good
509439.0,2066.0,3,2.0,Urban,1988,Good
346614.0,1666.0,2,1.5,Suburb,1961,Fair
375579.0,1614.0,2,1.5,Suburb,1964,Fair
843432.0,2779.0,4,3.0,Mountain,2008,Excellent
382256.0,1608.0,2,1.5,Suburb,1962,Fair
493593.0,1801.0,2,2.0,Urban,1980,Good
562594.0,2186.0,3,2.0,Downtown,1985,Good
598861.0,2214.0,3,2.0,Downtown,1984,Good
339798.0,1596.0,2,1.5,Suburb,1962,Fair
580510.0,2069.0,3,2.0,Downtown,1984,Good
382804.0,1593.0,2,1.5,Suburb,1962,Fair
574326.0,2142.0,3,2.5,Urban,1996,Good
491972.0,1558.0,2,1.5,Suburb,1954,Good
451948.0,1871.0,2,2.0,Urban,1983,Good
640096.0,2258.0,3,2.0,Downtown,1986,Good
387858.0,1711.0,2,2.0,Suburb,1969,Good
995016.0,3036.0,4,3.0,Waterfront,2001,Good
1279682.0,3276.0,4,3.5,Waterfront,2013,Excellent
258857.0,1445.0,2,1.0,Rural,1953,Poor
488154.0,1866.0,3,2.0,Urban,1979,Good
719222.0,2423.0,3,2.5,Downtown,1989,Good
328528.0,1719.0,2,1.5,Rural,1960,Fair
462262.0,1849.0,3,2.0,Suburb,1975,Good
760007.0,2576.0,3,2.5,Downtown,1997,Excellent
440634.0,1785.0,2,2.0,Suburb,1972,Good
333046.0,1674.0,2,1.5,Rural,1969,Fair
254790.0,1357.0,2,1.0,Rural,1948,Poor
371066.0,1586.0,2,1.5,Suburb,1964,Fair
378048.0,1724.0,2,1.5,Suburb,1963,Fair
436332.0,1837.0,3,2.0,Suburb,1973,Good
436988.0,1792.0,2,2.0,Suburb,1974,Good
477416.0,1624.0,2,1.5,Suburb,1954,Good
275747.0,1387.0,2,1.0,Rural,1953,Fair
660665.0,2310.0,3,2.0,Downtown,1990,Good
1447897.0,3491.0,5,4.0,Waterfront,2021,Excellent
667147.0,2708.0,3,2.5,Downtown,1996,Excellent
437879.0,1874.0,2,2.0,Suburb,1973,Good
1125354.0,2993.0,4,3.5,Waterfront,2004,Excellent
274192.0,1411.0,2,1.0,Rural,1952,Poor
262277.0,1436.0,2,1.0,Rural,1952,Poor
729277.0,2681.0,3,2.5,Downtown,2000,Excellent
438332.0,1872.0,3,2.0,Suburb,1974,Good
1202305.0,2967.0,4,3.5,Waterfront,2005,Excellent
1010251.0,3110.0,4,3.0,Mountain,2011,Excellent
377671.0,1692.0,2,2.0,Suburb,1973,Good
899276.0,3139.0,3,2.5,Downtown,2003,Excellent
322760.0,1664.0,2,1.5,Rural,1977,Fair
347682.0,1843.0,2,1.5,Rural,1974,Fair
243333.0,1312.0,2,1.0,Rural,1948,Poor
295664.0,1488.0,2,1.0,Rural,1954,Fair
511981.0,1917.0,3,2.0,Urban,1980,Good
1192388.0,3317.0,4,4.0,Waterfront,2014,Excellent
250587.0,1394.0,2,1.0,Rural,1952,Poor
1111895.0,3096.0,4,3.0,Waterfront,2001,Good
1654932.0,3746.0,5,4.0,Waterfront,2020,Excellent
711237.0,2681.0,3,2.5,Downtown,1995,Excellent
704083.0,2600.0,3,2.5,Downtown,1995,Excellent
1211508.0,3137.0,4,3.5,Waterfront,2006,Excellent
486801.0,1898.0,3,2.0,Urban,1982,Good
724721.0,2762.0,3,2.5,Downtown,1996,Excellent
297595.0,1653.0,2,1.5,Rural,1956,Fair
1224171.0,3239.0,4,3.5,Waterfront,2007,Excellent
484410.0,2025.0,3,2.0,Urban,1979,Good
281342.0,1545.0,2,1.0,Rural,1951,Poor
525075.0,1960.0,3,2.0,Urban,1995,Good
638988.0,2501.0,3,2.5,Downtown,1992,Good
250538.0,1379.0,2,1.0,Rural,1950,Poor
1034671.0,3190.0,4,3.0,Waterfront,2000,Good
276566.0,1386.0,2,1.0,Rural,1951,Fair
559271.0,2122.0,3,2.0,Urban,1992,Good
310392.0,1748.0,2,1.5,Rural,1965,Fair
592600.0,2220.0,3,2.0,Downtown,1987,Good
342202.0,1583.0,2,1.5,Suburb,1961,Fair
405044.0,1812.0,2,1.5,Suburb,1964,Good
646666.0,2298.0,3,2.0,Downtown,1989,Good
393151.0,1746.0,3,2.0,Suburb,1976,Good
1265330.0,3545.0,4,4.0,Waterfront,2012,Excellent
963883.0,3073.0,4,3.0,Mountain,2010,Excellent
436773.0,1811.0,2,2.0,Suburb,1972,Good
973831.0,2879.0,4,3.0,Mountain,2011,Excellent
543750.0,2058.0,3,2.5,Urban,1995,Good
358198.0,1623.0,2,1.5,Rural,1963,Fair
283692.0,1703.0,2,1.5,Rural,1958,Fair
583339.0,2063.0,3,2.0,Downtown,1983,Good
368438.0,1536.0,2,1.5,Suburb,1961,Fair
559973.0,2201.0,3,2.5,Urban,1996,Good
603014.0,2169.0,3,2.5,Urban,1999,Good
1251665.0,3071.0,4,3.0,Waterfront,2006,Excellent
519499.0,1972.0,3,2.0,Urban,1984,Good
642574.0,2069.0,3,2.0,Downtown,1988,Good
628463.0,2291.0,3,2.0,Downtown,1985,Good
1324842.0,3408.0,4,4.0,Waterfront,2016,Excellent
502289.0,1969.0,3,2.0,Urban,1983,Good
1535730.0,3563.0,5,4.5,Waterfront,2013,Excellent
310385.0,1670.0,2,1.5,Rural,1974,Fair
404250.0,1642.0,2,2.0,Suburb,1970,Fair
520833.0,1965.0,3,2.0,Urban,1989,Good
425741.0,1732.0,2,2.0,Suburb,1970,Good
1379076.0,3418.0,4,4.0,Waterfront,2014,Excellent
411755.0,1798.0,2,1.5,Suburb,1964,Good
418922.0,1738.0,2,2.0,Suburb,1971,Good
1134061.0,3300.0,4,3.5,Waterfront,2005,Excellent
547692.0,2000.0,3,2.0,Urban,1984,Good
1180010.0,3185.0,4,3.0,Waterfront,2003,Excellent
1570161.0,3620.0,5,4.0,Waterfront,2021,Excellent
429777.0,1808.0,2,1.5,Suburb,1965,Good
383091.0,1593.0,2,1.5,Suburb,1965,Fair
569525.0,2238.0,3,2.0,Downtown,1988,Good
703659.0,2549.0,3,2.5,Downtown,1992,Excellent
449775.0,1834.0,2,2.0,Suburb,1971,Good
1535675.0,3783.0,5,4.0,Waterfront,2020,Excellent
479269.0,1980.0,3,2.0,Urban,1983,Good
284234.0,1367.0,2,1.0,Rural,1951,Fair
456930.0,1853.0,3,2.0,Suburb,1974,Good
373249.0,1568.0,2,1.5,Suburb,1966,Fair
489493.0,2014.0,3,2.0,Urban,1976,Good
1184334.0,3105.0,4,3.5,Waterfront,2007,Excellent
457439.0,1833.0,2,2.0,Urban,1982,Good
509751.0,2077.0,3,2.5,Urban,1995,Good
463715.0,1780.0,3,2.0,Suburb,1975,Good
282325.0,1513.0,2,1.0,Rural,1954,Poor
915983.0,2876.0,4,3.0,Mountain,2009,Excellent
1281899.0,3174.0,4,3.5,Waterfront,2005,Excellent
536197.0,1969.0,3,2.0,Urban,1987,Good
636112.0,2287.0,3,2.0,Downtown,1987,Good
665225.0,2757.0,3,2.5,Downtown,1995,Excellent
524623.0,1517.0,2,1.5,Suburb,1954,Good
1144736.0,3166.0,4,3.5,Waterfront,2003,Excellent
1360937.0,3409.0,4,4.0,Waterfront,2015,Excellent
283455.0,1515.0,2,1.0,Rural,1951,Fair
721891.0,2426.0,3,2.5,Downtown,1993,Excellent
356965.0,1541.0,2,1.5,Suburb,1967,Fair
753150.0,2599.0,3,2.5,Downtown,1993,Excellent
326581.0,1630.0,2,1.5,Rural,1974,Fair
328762.0,1726.0,2,1.5,Rural,1961,Fair
333800.0,1749.0,2,1.5,Suburb,1964,Good
512523.0,2088.0,3,2.0,Urban,1991,Good
502189.0,1976.0,3,2.0,Urban,1993,Good
489968.0,1866.0,2,2.0,Urban,1981,Good
358771.0,1815.0,2,1.5,Rural,1972,Fair
514928.0,1925.0,3,2.0,Urban,1992,Good
1149074.0,3076.0,4,3.5,Waterfront,2005,Excellent
737186.0,2470.0,3,2.5,Downtown,1998,Excellent
291864.0,1596.0,2,1.5,Rural,1960,Fair
498214.0,2021.0,3,2.0,Urban,1990,Good
689536.0,2604.0,3,2.5,Downtown,1999,Excellent
1191728.0,3308.0,4,3.5,Waterfront,2006,Excellent
511076.0,1946.0,3,2.0,Urban,1978,Good
325994.0,1733.0,2,1.5,Rural,1968,Fair
324855.0,1741.0,2,1.5,Rural,1959,Fair
755764.0,2453.0,3,2.5,Downtown,1994,Excellent
1596556.0,3728.0,5,4.5,Waterfront,2010,Excellent
509491.0,1842.0,3,2.0,Urban,1983,Good
465937.0,1863.0,3,2.0,Urban,1980,Good
1490822.0,3400.0,4,4.0,Waterfront,2016,Excellent
300796.0,1546.0,2,1.0,Rural,1954,Fair
477092.0,1788.0,3,2.0,Urban,1980,Good
1304697.0,3239.0,4,3.5,Waterfront,2014,Excellent
1285124.0,3280.0,4,3.5,Waterfront,2007,Excellent
620238.0,2257.0,3,2.0,Downtown,1987,Good
531157.0,2192.0,3,2.5,Urban,1991,Good
553970.0,2060.0,3,2.0,Urban,1988,Good
252060.0,1456.0,2,1.0,Rural,1953,Poor
502271.0,1871.0,3,2.0,Urban,1982,Good
1606278.0,3736.0,5,4.5,Waterfront,2011,Excellent
1132646.0,2840.0,4,3.0,Waterfront,2002,Good
425240.0,1851.0,3,2.0,Suburb,1976,Good
497702.0,1970.0,3,2.0,Urban,1980,Good
510287.0,1541.0,2,1.5,Suburb,1957,Good
555748.0,1996.0,3,2.0,Urban,1989,Good
1279223.0,3320.0,4,4.0,Waterfront,2014,Excellent
581164.0,2164.0,3,2.0,Downtown,1982,Good
541053.0,2058.0,3,2.5,Urban,1990,Good
1267526.0,3315.0,4,4.0,Waterfront,2013,Excellent
536828.0,2117.0,3,2.0,Downtown,1982,Good
337733.0,1495.0,2,1.5,Suburb,1963,Fair
1188455.0,2971.0,4,3.5,Waterfront,2002,Excellent
552163.0,2023.0,3,2.5,Urban,1993,Good
544527.0,2108.0,3,2.5,Urban,1993,Good
503222.0,2041.0,3,2.0,Urban,1983,Good
712783.0,2547.0,3,2.5,Downtown,1991,Excellent
442242.0,1847.0,2,2.0,Urban,1980,Good
355667.0,1758.0,2,1.5,Rural,1964,Fair
286096.0,1456.0,2,1.0,Rural,1949,Poor
449434.0,1784.0,3,2.0,Suburb,1974,Good
600870.0,2345.0,3,2.0,Downtown,1987,Good
1185109.0,3032.0,4,3.0,Waterfront,2006,Excellent
597387.0,2243.0,3,2.0,Downtown,1984,Good
242324.0,1402.0,2,1.0,Rural,1946,Poor
477296.0,1930.0,3,2.0,Urban,1990,Good
496969.0,2127.0,3,2.0,Downtown,1984,Good
1516840.0,3686.0,5,4.0,Waterfront,2019,Excellent
1148914.0,3062.0,4,3.5,Waterfront,2003,Excellent
596743.0,2200.0,3,2.0,Downtown,1983,Good
370752.0,1688.0,2,1.5,Suburb,1963,Fair
280979.0,1480.0,2,1.0,Rural,1952,Fair
343228.0,1769.0,2,1.5,Rural,1974,Fair
318262.0,1748.0,2,1.5,Rural,1969,Fair
480705.0,1866.0,3,2.0,Urban,1981,Good
511999.0,1982.0,3,2.0,Urban,1981,Good
694224.0,2699.0,3,2.5,Downtown,1996,Excellent
407593.0,1819.0,2,2.0,Suburb,1973,Good
249886.0,1463.0,2,1.0,Rural,1953,Poor
272759.0,1747.0,2,1.5,Rural,1959,Fair
370876.0,1671.0,2,1.5,Suburb,1967,Fair
1636413.0,3775.0,5,4.0,Waterfront,2017,Excellent
383304.0,1696.0,2,1.5,Suburb,1964,Fair
540388.0,2106.0,3,2.5,Urban,1996,Good
403588.0,1780.0,2,1.5,Suburb,1964,Good
658497.0,2381.0,3,2.5,Downtown,1992,Good
804222.0,2981.0,3,2.5,Downtown,2003,Excellent
394891.0,1679.0,2,1.5,Suburb,1966,Fair
605795.0,2218.0,3,2.0,Downtown,1985,Good
560811.0,2254.0,3,2.0,Downtown,1986,Good
1329894.0,3529.0,4,4.0,Waterfront,2012,Excellent
476288.0,1919.0,3,2.0,Urban,1977,Good
1271956.0,3216.0,4,3.5,Waterfront,2012,Excellent
352461.0,1706.0,2,1.5,Rural,1963,Fair
721549.0,2439.0,3,2.5,Downtown,1991,Good
412085.0,1655.0,2,2.0,Suburb,1971,Good
1283904.0,3380.0,4,3.5,Waterfront,2010,Excellent
296498.0,1482.0,2,1.0,Rural,1955,Fair
724496.0,2548.0,3,2.5,Downtown,1993,Excellent
681840.0,2236.0,3,2.5,Downtown,1990,Good
506039.0,1948.0,3,2.0,Urban,1983,Good
313572.0,1710.0,2,1.5,Rural,1963,Fair
264421.0,1440.0,2,1.0,Rural,1954,Poor
405230.0,1724.0,2,2.0,Suburb,1971,Good
535091.0,2008.0,3,2.0,Urban,1994,Good
458965.0,1803.0,2,2.0,Urban,1980,Good
1073905.0,3102.0,4,3.0,Waterfront,2004,Good
276710.0,1447.0,2,1.0,Rural,1955,Fair
305003.0,1658.0,2,1.5,Rural,1959,Fair
436103.0,1739.0,2,2.0,Suburb,1966,Fair
785851.0,2677.0,3,2.5,Downtown,1995,Excellent
549191.0,2304.0,3,2.0,Downtown,1989,Good
435145.0,1796.0,2,2.0,Suburb,1971,Good
516447.0,1925.0,3,2.0,Urban,1981,Good
1166383.0,3243.0,4,3.5,Waterfront,2012,Excellent
283612.0,1398.0,2,1.0,Rural,1952,Fair
456534.0,1843.0,2,2.0,Urban,1983,Good
1321893.0,3222.0,4,3.5,Waterfront,2010,Excellent
763119.0,2804.0,3,2.5,Downtown,1997,Excellent
259977.0,1516.0,2,1.0,Rural,1950,Poor
433601.0,1741.0,3,2.0,Suburb,1976,Good
471635.0,1840.0,3,2.0,Urban,1978,Good
747368.0,2516.0,3,2.5,Downtown,1996,Excellent
720167.0,2391.0,3,2.5,Downtown,1991,Good
402305.0,1740.0,2,2.0,Suburb,1972,Good
441064.0,1784.0,2,2.0,Suburb,1974,Good
433351.0,1847.0,3,2.0,Suburb,1975,Good
315487.0,1695.0,2,1.5,Rural,1960,Fair
